Car,Model,Volume,Weight,CO2
Ford,Mondeo,1600,1559,103
Ford,B-Max,1600,1232,99
Mercedes,SLK,2500,1386,111
Ford,Fiesta,1000,1079,99
Mercedes,E-Class,2100,1619,106
Mercedes,CLA,1500,1524,101
Honda,Civic,1600,1186,100
Hyundai,I20,1100,1037,93
Skoda,Fabia,1000,1124,94
Audi,A4,2000,1509,105
Mini,Cooper,1500,1134,101
Ford,Fiesta,1500,1164,98
Audi,A1,1600,1092,93
BMW,2,1600,1430,101
Mazda,3,2200,1261,109
Skoda,Citigo,1000,949,89
Volvo,S60,2000,1385,100
Audi,A6,2000,1754,106
BMW,1,1600,1406,108
Opel,Zafira,1600,1395,97
Volvo,V70,1600,1587,104
Opel,Astra,1600,1371,107
Volvo,XC70,2000,1757,109
Mercedes,A-Class,1500,1385,96
Fiat,500,900,884,89
Skoda,Rapid,1600,1130,98
Hyundai,I30,1600,1326,101
Mercedes,C-Class,2100,1373,102
VW,Up!,1000,910,92
Skoda,Octavia,1600,1449,108
BMW,5,2000,1700,100
Opel,Insignia,2000,1413,108
Mitsubishi,Space Star,1200,1150,92
Toyota,Aygo,1000,714,85
Ford,Focus,2000,1325,102
Suzuki,Swift,1300,1018,97
