Duration,Pulse,Maxpulse,Calories
60,92,137,394.8
90,98,116,483.6
20,109,123,119.4
60,107,144,346.3
150,94,119,719.8
60,149,186,232.0
60,105,126,326.3
120,114,135,479.7
180,96,128,819.8
60,95,105,397.1
45,93,124,214.9
30,91,113,141.5
60,121,124,308.3
45,87,101,219.1
60,96,113,386.3
30,89,113,223.2
30,112,126,180.4
60,97,122,
90,131,152,567.6
180,114,128,1115.6
300,88,118,1277.3
300,121,157,1847.4
30,105,150,103.1
60,117,130,261.9
60,106,121,317.2
90,107,115,496.1
60,107,144,396.0
120,101,125,
90,111,114,481.8
60,99,119,340.4
180,101,125,1085.0
90,97,118,576.7
30,111,127,187.5
60,110,122,341.7
60,94,118,289.9
45,113,123,186.0
30,112,149,163.2
30,128,148,202.1
60,87,95,283.1
45,92,112,153.2
30,112,155,214.3
60,122,139,328.4
60,100,128,184.8
45,118,141,260.3
45,125,161,294.6
60,82,110,317.7
60,86,119,343.8
60,80,109,331.8
300,100,123,1745.1
60,100,114,334.9
60,115,144,407.5
210,125,139,1242.9
60,95,119,367.0
60,118,142,381.0
210,105,153,912.9
60,119,139,356.7
60,100,134,340.6
45,103,125,254.9
150,122,137,916.4
45,80,100,239.7
180,104,129,1040.9
300,141,172,1549.4
90,121,139,414.9
60,98,125,268.3
30,94,129,205.5
60,110,127,376.2
150,108,137,794.6
150,80,87,895.4
60,118,144,319.1
120,119,129,636.7
120,124,136,723.8
20,121,140,117.9
60,80,109,386.9
45,82,104,251.6
30,113,130,117.9
30,122,154,125.1
60,114,150,322.3
30,85,105,129.5
60,101,136,287.6
60,100,107,342.0
60,80,95,336.1
120,103,115,479.1
60,105,121,322.0
300,111,143,1522.3
60,83,126,279.1
90,105,117,407.4
210,138,148,1398.8
60,121,144,268.9
60,80,103,368.9
60,107,128,367.5
60,135,178,350.1
45,90,114,
45,112,134,263.0
45,88,120,185.1
60,115,125,282.2
45,99,115,286.1
20,98,114,108.3
180,121,159,886.9
300,98,119,1540.7
45,97,120,270.8
45,105,141,211.1
210,113,143,1127.4
45,92,123,215.1
210,110,152,1283.6
150,108,122,777.5
45,103,127,245.8
60,119,152,362.5
45,85,108,218.6
60,89,95,307.3
30,82,104,166.4
180,116,155,1217.8
45,138,166,301.2
60,86,105,338.9
60,104,131,328.4
30,148,171,179.1
60,96,116,348.3
60,109,131,367.6
60,110,140,281.0
30,114,131,
60,111,134,289.7
30,108,125,185.9
30,116,132,157.1
60,124,173,385.2
30,116,132,130.5
90,110,134,385.7
60,118,127,287.2
180,89,114,1079.9
45,149,159,201.2
90,80,97,566.6
150,125,135,921.6
60,115,119,274.3
60,124,152,362.7
210,110,139,1173.8
60,108,129,408.4
60,84,112,256.5
60,126,147,304.4
180,98,107,927.1
60,109,125,384.4
60,108,146,301.7
45,119,142,201.0
60,126,148,347.8
60,100,129,
210,126,157,1204.0
120,114,121,803.9
45,143,172,296.8
60,94,118,295.5
45,127,140,270.5
30,125,151,176.4
120,80,93,688.1
150,116,149,840.0
300,90,113,1329.7
90,110,145,483.7
60,91,124,307.3
60,111,140,273.8
45,121,152,257.5
60,102,127,327.2
60,104,121,296.4
180,133,158,1146.5
60,92,122,298.1
90,116,132,496.1
45,119,141,179.3
60,108,138,345.8
20,95,115,141.2
90,121,141,407.3
60,82,111,376.3
60,93,118,368.3
60,80,101,291.4
60,133,154,320.6
60,121,139,324.4
