Duration,Date,Pulse,Maxpulse,Calories
60,2020/12/01,109,144,411.4
60,2020/12/02,130,148,412.7
60,2020/12/03,103,133,360.7
60,2020/12/04,109,127,299.5
60,2020/12/05,100,130,261.1
60,2020/12/06,103,121,298.8
60,2020/12/07,130,148,330.1
450,2020/12/08,104,122,400.6
60,2020/12/09,110,130,343.1
60,2020/12/10,110,137,341.8
60,2020/12/11,109,144,259.0
60,2020/12/11,109,144,259.0
60,2020/12/13,109,127,291.2
45,2020/12/14,97,122,315.6
60,2020/12/15,98,123,364.7
60,2020/12/16,100,120,290.3
60,2020/12/17,110,130,335.8
60,2020/12/18,106,131,297.4
60,2020/12/19,130,160,
60,2020/12/20,98,116,308.5
45,2020/12/21,100,127,396.7
60,2020/12/22,103,138,389.1
60,,100,130,385.8
60,2020/12/24,100,125,343.5
45,2020/12/25,100,118,388.4
60,2020/12/26,98,128,334.7
60,20201226,108,138,346.3
60,2020/12/28,110,133,264.1
60,2020/12/29,130,157,
60,2020/12/30,104,124,269.6
60,2020/12/31,103,126,351.1
60,2021/01/01,117,147,419.0
